{

"e": 2.71828182,
"pi": 3.14159265

}